<?xml version="1.0" encoding="UTF-8"?>
<typeSystemDescription xmlns="http://uima.apache.org/resourceSpecifier">
    <types>
        <typeDescription>
            <name>uima.tcas.DocumentAnnotation</name>
            <description/>
            <supertypeName>uima.tcas.Annotation</supertypeName>
            <features>
                <featureDescription>
                    <name>language</name>
                    <description/>
                    <rangeTypeName>uima.cas.String</rangeTypeName>
                </featureDescription>
                <featureDescription>
                    <name>categories</name>
                    <description/>
                    <rangeTypeName>uima.cas.FSList</rangeTypeName>
                </featureDescription>
                <featureDescription>
                    <name>languageCandidates</name>
                    <description/>
                    <rangeTypeName>uima.cas.FSList</rangeTypeName>
                </featureDescription>
                <featureDescription>
                    <name>id</name>
                    <description/>
                    <rangeTypeName>uima.cas.String</rangeTypeName>
                </featureDescription>
                <featureDescription>
                    <name>fallbackLanguage</name>
                    <description/>
                    <rangeTypeName>uima.cas.String</rangeTypeName>
                </featureDescription>
                <featureDescription>
                    <name>acceptLanguage</name>
                    <description/>
                    <rangeTypeName>uima.cas.StringArray</rangeTypeName>
                </featureDescription>
            </features>
        </typeDescription>
        <typeDescription>
            <name>com.ibm.PersonName</name>
            <description/>
            <supertypeName>uima.tcas.Annotation</supertypeName>
            <features>
                <featureDescription>
                    <name>ruleId</name>
                    <description/>
                    <rangeTypeName>uima.cas.String</rangeTypeName>
                </featureDescription>
            </features>
        </typeDescription>
        <typeDescription>
            <name>com.ibm.US_State</name>
            <description/>
            <supertypeName>uima.tcas.Annotation</supertypeName>
            <features>
                <featureDescription>
                    <name>ruleId</name>
                    <description/>
                    <rangeTypeName>uima.cas.String</rangeTypeName>
                </featureDescription>
            </features>
        </typeDescription>
        <typeDescription>
            <name>com.ibm.en.PersonName</name>
            <description/>
            <supertypeName>com.ibm.PersonName</supertypeName>
        </typeDescription>
        <typeDescription>
            <name>com.ibm.en.US_State</name>
            <description/>
            <supertypeName>com.ibm.US_State</supertypeName>
        </typeDescription>
        <typeDescription>
            <name>com.ibm.langware.reserved.NonMappingAnnotation</name>
            <description/>
            <supertypeName>uima.tcas.Annotation</supertypeName>
        </typeDescription>
        <typeDescription>
            <name>com.ibm.lw.marker.MarkerAirportOutputType</name>
            <description/>
            <supertypeName>uima.cas.TOP</supertypeName>
        </typeDescription>
        <typeDescription>
            <name>com.ibm.lw.marker.MarkerpeopleOutputType</name>
            <description/>
            <supertypeName>uima.cas.TOP</supertypeName>
        </typeDescription>
        <typeDescription>
            <name>com.ibm.lw.marker.en.MarkerAirportOutputType</name>
            <description/>
            <supertypeName>com.ibm.lw.marker.MarkerAirportOutputType</supertypeName>
        </typeDescription>
        <typeDescription>
            <name>com.ibm.lw.marker.en.MarkerpeopleOutputType</name>
            <description/>
            <supertypeName>com.ibm.lw.marker.MarkerpeopleOutputType</supertypeName>
        </typeDescription>
        <typeDescription>
            <name>esp.Airport</name>
            <description/>
            <supertypeName>uima.tcas.Annotation</supertypeName>
            <features>
                <featureDescription>
                    <name>ruleId</name>
                    <description/>
                    <rangeTypeName>uima.cas.String</rangeTypeName>
                </featureDescription>
            </features>
        </typeDescription>
        <typeDescription>
            <name>esp.en.Airport</name>
            <description/>
            <supertypeName>esp.Airport</supertypeName>
        </typeDescription>
        <typeDescription>
            <name>uima.tt.KeyStringEntry</name>
            <description/>
            <supertypeName>uima.cas.TOP</supertypeName>
            <features>
                <featureDescription>
                    <name>key</name>
                    <description/>
                    <rangeTypeName>uima.cas.String</rangeTypeName>
                </featureDescription>
            </features>
        </typeDescription>
        <typeDescription>
            <name>uima.tt.LanguageConfidencePair</name>
            <description/>
            <supertypeName>uima.cas.TOP</supertypeName>
            <features>
                <featureDescription>
                    <name>languageConfidence</name>
                    <description/>
                    <rangeTypeName>uima.cas.Float</rangeTypeName>
                </featureDescription>
                <featureDescription>
                    <name>language</name>
                    <description/>
                    <rangeTypeName>uima.cas.String</rangeTypeName>
                </featureDescription>
                <featureDescription>
                    <name>languageID</name>
                    <description/>
                    <rangeTypeName>uima.cas.Integer</rangeTypeName>
                </featureDescription>
            </features>
        </typeDescription>
        <typeDescription>
            <name>uima.tt.Lemma</name>
            <description/>
            <supertypeName>uima.tt.KeyStringEntry</supertypeName>
            <features>
                <featureDescription>
                    <name>partOfSpeech</name>
                    <description/>
                    <rangeTypeName>uima.cas.Integer</rangeTypeName>
                </featureDescription>
                <featureDescription>
                    <name>frost_ExtendedPOS</name>
                    <description/>
                    <rangeTypeName>uima.cas.Integer</rangeTypeName>
                </featureDescription>
            </features>
        </typeDescription>
        <typeDescription>
            <name>uima.tt.TTAnnotation</name>
            <description/>
            <supertypeName>uima.tcas.Annotation</supertypeName>
        </typeDescription>
        <typeDescription>
            <name>uima.tt.DocStructureAnnotation</name>
            <description/>
            <supertypeName>uima.tt.TTAnnotation</supertypeName>
        </typeDescription>
        <typeDescription>
            <name>uima.tt.LexicalAnnotation</name>
            <description/>
            <supertypeName>uima.tt.TTAnnotation</supertypeName>
        </typeDescription>
        <typeDescription>
            <name>uima.tt.ParagraphAnnotation</name>
            <description/>
            <supertypeName>uima.tt.DocStructureAnnotation</supertypeName>
            <features>
                <featureDescription>
                    <name>paragraphNumber</name>
                    <description/>
                    <rangeTypeName>uima.cas.Integer</rangeTypeName>
                </featureDescription>
            </features>
        </typeDescription>
        <typeDescription>
            <name>uima.tt.SentenceAnnotation</name>
            <description/>
            <supertypeName>uima.tt.DocStructureAnnotation</supertypeName>
            <features>
                <featureDescription>
                    <name>sentenceNumber</name>
                    <description/>
                    <rangeTypeName>uima.cas.Integer</rangeTypeName>
                </featureDescription>
            </features>
        </typeDescription>
        <typeDescription>
            <name>uima.tt.TokenLikeAnnotation</name>
            <description/>
            <supertypeName>uima.tt.LexicalAnnotation</supertypeName>
            <features>
                <featureDescription>
                    <name>lemma</name>
                    <description/>
                    <rangeTypeName>uima.tt.Lemma</rangeTypeName>
                </featureDescription>
                <featureDescription>
                    <name>lemmaEntries</name>
                    <description/>
                    <rangeTypeName>uima.cas.FSArray</rangeTypeName>
                </featureDescription>
                <featureDescription>
                    <name>dictionaryMatch</name>
                    <description/>
                    <rangeTypeName>uima.cas.Boolean</rangeTypeName>
                </featureDescription>
            </features>
        </typeDescription>
        <typeDescription>
            <name>uima.tt.CompPartAnnotation</name>
            <description/>
            <supertypeName>uima.tt.TokenLikeAnnotation</supertypeName>
        </typeDescription>
        <typeDescription>
            <name>uima.tt.DictionaryEntryAnnotation</name>
            <description/>
            <supertypeName>uima.tt.LexicalAnnotation</supertypeName>
            <features>
                <featureDescription>
                    <name>lemma</name>
                    <description/>
                    <rangeTypeName>uima.tt.Lemma</rangeTypeName>
                </featureDescription>
            </features>
        </typeDescription>
        <typeDescription>
            <name>uima.tt.TokenAnnotation</name>
            <description/>
            <supertypeName>uima.tt.TokenLikeAnnotation</supertypeName>
            <features>
                <featureDescription>
                    <name>posTag</name>
                    <description/>
                    <rangeTypeName>uima.cas.String</rangeTypeName>
                </featureDescription>
            </features>
        </typeDescription>
        <typeDescription>
            <name>com.ibm.First_name</name>
            <description/>
            <supertypeName>uima.tt.DictionaryEntryAnnotation</supertypeName>
        </typeDescription>
        <typeDescription>
            <name>com.ibm.Last_name</name>
            <description/>
            <supertypeName>uima.tt.DictionaryEntryAnnotation</supertypeName>
        </typeDescription>
        <typeDescription>
            <name>com.ibm.US_Cities</name>
            <description/>
            <supertypeName>uima.tt.DictionaryEntryAnnotation</supertypeName>
        </typeDescription>
        <typeDescription>
            <name>com.ibm.US_States</name>
            <description/>
            <supertypeName>uima.tt.DictionaryEntryAnnotation</supertypeName>
        </typeDescription>
        <typeDescription>
            <name>com.ibm.langware.uimatypes.Punctuation</name>
            <description/>
            <supertypeName>uima.tt.TokenAnnotation</supertypeName>
        </typeDescription>
        <typeDescription>
            <name>com.ibm.langware.uimatypes.WordLikeToken</name>
            <description/>
            <supertypeName>uima.tt.TokenAnnotation</supertypeName>
        </typeDescription>
        <typeDescription>
            <name>esp.AirportCandidate</name>
            <description/>
            <supertypeName>uima.tt.DictionaryEntryAnnotation</supertypeName>
            <features>
                <featureDescription>
                    <name>airportCode</name>
                    <description/>
                    <rangeTypeName>uima.cas.String</rangeTypeName>
                </featureDescription>
                <featureDescription>
                    <name>categoryID</name>
                    <description/>
                    <rangeTypeName>uima.cas.Integer</rangeTypeName>
                </featureDescription>
                <featureDescription>
                    <name>regionID</name>
                    <description/>
                    <rangeTypeName>uima.cas.Integer</rangeTypeName>
                </featureDescription>
                <featureDescription>
                    <name>state</name>
                    <description/>
                    <rangeTypeName>uima.cas.String</rangeTypeName>
                </featureDescription>
                <featureDescription>
                    <name>city</name>
                    <description/>
                    <rangeTypeName>uima.cas.String</rangeTypeName>
                </featureDescription>
                <featureDescription>
                    <name>latitude</name>
                    <description/>
                    <rangeTypeName>uima.cas.String</rangeTypeName>
                </featureDescription>
                <featureDescription>
                    <name>longitude</name>
                    <description/>
                    <rangeTypeName>uima.cas.String</rangeTypeName>
                </featureDescription>
            </features>
        </typeDescription>
        <typeDescription>
            <name>esp.AirportFlag</name>
            <description/>
            <supertypeName>uima.tt.DictionaryEntryAnnotation</supertypeName>
        </typeDescription>
        <typeDescription>
            <name>com.ibm.langware.uimatypes.Alphabetic</name>
            <description/>
            <supertypeName>com.ibm.langware.uimatypes.WordLikeToken</supertypeName>
        </typeDescription>
        <typeDescription>
            <name>com.ibm.langware.uimatypes.Arabic</name>
            <description/>
            <supertypeName>com.ibm.langware.uimatypes.Alphabetic</supertypeName>
        </typeDescription>
        <typeDescription>
            <name>com.ibm.langware.uimatypes.ClauseEndingPunctuation</name>
            <description/>
            <supertypeName>com.ibm.langware.uimatypes.Punctuation</supertypeName>
        </typeDescription>
        <typeDescription>
            <name>com.ibm.langware.uimatypes.Hebrew</name>
            <description/>
            <supertypeName>com.ibm.langware.uimatypes.Alphabetic</supertypeName>
        </typeDescription>
        <typeDescription>
            <name>com.ibm.langware.uimatypes.Ideographic</name>
            <description/>
            <supertypeName>com.ibm.langware.uimatypes.WordLikeToken</supertypeName>
        </typeDescription>
        <typeDescription>
            <name>com.ibm.langware.uimatypes.LowercaseAlphabetic</name>
            <description/>
            <supertypeName>com.ibm.langware.uimatypes.Alphabetic</supertypeName>
        </typeDescription>
        <typeDescription>
            <name>com.ibm.langware.uimatypes.Numeric</name>
            <description/>
            <supertypeName>com.ibm.langware.uimatypes.WordLikeToken</supertypeName>
        </typeDescription>
        <typeDescription>
            <name>com.ibm.langware.uimatypes.Syllabic</name>
            <description/>
            <supertypeName>com.ibm.langware.uimatypes.WordLikeToken</supertypeName>
        </typeDescription>
        <typeDescription>
            <name>com.ibm.langware.uimatypes.TitlecaseAlphabetic</name>
            <description/>
            <supertypeName>com.ibm.langware.uimatypes.Alphabetic</supertypeName>
        </typeDescription>
        <typeDescription>
            <name>com.ibm.langware.uimatypes.UppercaseAlphabetic</name>
            <description/>
            <supertypeName>com.ibm.langware.uimatypes.Alphabetic</supertypeName>
        </typeDescription>
        <typeDescription>
            <name>com.ibm.langware.uimatypes.ChineseNumeral</name>
            <description/>
            <supertypeName>com.ibm.langware.uimatypes.Numeric</supertypeName>
        </typeDescription>
        <typeDescription>
            <name>com.ibm.langware.uimatypes.Han</name>
            <description/>
            <supertypeName>com.ibm.langware.uimatypes.Ideographic</supertypeName>
        </typeDescription>
        <typeDescription>
            <name>com.ibm.langware.uimatypes.Hangul</name>
            <description/>
            <supertypeName>com.ibm.langware.uimatypes.Syllabic</supertypeName>
        </typeDescription>
        <typeDescription>
            <name>com.ibm.langware.uimatypes.Hiragana</name>
            <description/>
            <supertypeName>com.ibm.langware.uimatypes.Syllabic</supertypeName>
        </typeDescription>
        <typeDescription>
            <name>com.ibm.langware.uimatypes.Katakana</name>
            <description/>
            <supertypeName>com.ibm.langware.uimatypes.Syllabic</supertypeName>
        </typeDescription>
    </types>
</typeSystemDescription>
